Name,Price,Rating,Source
Shop on eBay,$20.00,N/A,eBay
Shop on eBay,$20.00,N/A,eBay
"JBL Tune Flex, True wireless Noise Cancelling earbuds",$79.99,N/A,eBay
Beats X Wireless In-Ear Headphones Bluetooth-Dark Gray‚úÖÔ∏èüíØTESTED,$39.99,N/A,eBay
"JBL Tune 510BT, Wireless on-ear headphones.",$19.46to$19.95,N/A,eBay
Restored JBL Tune 520BT - Wireless on-ear headphones - Black (Refurbished),Now$3771current price Now $37.71$49.95Was $49.95,N/A,Walmart
"VEAT00L A9 ANC+ENC Earbuds with Smart Touch Screen,Bluetooth 5.4, HiFi Stereo Multiple EQ settings",Now$1889current price Now $18.89$79.98Was $79.98,N/A,Walmart
"JLab Go Air Pop Bluetooth Earbuds, True Wireless with Charging Case, Black",Now$2449current price Now $24.49$29.38Was $29.38,N/A,Walmart
OneOdio Wired over-Ear Headphones with Mic | Noise Cancelling Earcups & Studio DJ Headphones with Dual Ports for Computer-Black,$3199current price $31.99,N/A,Walmart
Beats Studio3 Wireless Noise Cancelling Headphones with Apple W1 Headphone Chip- Matte Black,$12010current price $120.10,N/A,Walmart
